titulo,url,resumen
,https://www.portafolio.co//economia/finanzas/las-zonas-de-colombia-donde-vive-la-clase-alta-segun-la-inteligencia-artificial-627630,"La noticia habla sobre el paradigma socioeconÃ³mico de las personas de clase alta en Colombia, quienes suelen vivir en ciudades y barrios exclusivos. SegÃºn una herramienta de inteligencia artificial llamada ChatGPT, los siguientes son los territorios donde se encuentran estas clases mï¿½s acomodadas:

1. BogotÃ¡: centro del paÃ­s, especialmente en barrios como ChicÃ³, ChicÃ³ Reservado, El Nogal, Rosale, Santa Ana y la Cabrera, con viviendas de lujo.
2. MedellÃ­n: El Poblado es la zona mÃ¡s exclusiva de la capital antioqueÃ±a, junto con Los Balsos, Las Lomas, La Calera, Envigado (Loma del Escobero y el Alto de Las Palmas).
3. Cali: Pance y Ciudad JardÃ­n son los espacios mï¿½s exclusivos que se encuentran en la capital del departamento de Valle del Cauca.
4. Barranquilla: Alto Prado, Villa Santos y Altos de Riomar son los barrios mï¿½s exclusivos de una de las ciudades mï¿½s imponentes de Colombia.
5. Cartagena: Bocagrande y Castillogrande son las zonas costeras con los espacios mï¿½s privilegiados y que se encuentran en las inmediaciones al mar.

En resumen, la clase alta en Colombia suelen vivir en ciudades y barrios exclusivos, con infraestructura de lujo, seguridad privada y servicios premium."
,https://www.portafolio.co//economia/infraestructura/estadio-metropolitano-de-barranquilla-sera-ampliado-para-recibir-a-mas-de-60-000-asistentes-627862,"* El alcalde de Barranquilla, Alejandro Char, anunciÃ³ que el estadio Metropolitano Roberto MelÃ©ndez serÃ¡ ampliado de 40.000 a 65.000 asistentes.
* El objetivo de Char es posicionar Barranquilla como un escenario referente para eventos internacionales y turÃ­sticos, generando empleo y estimulando la economÃ­a local y nacional.
* El estadio Metropolitano serÃ¡ el primero en Colombia en superar los 58.000 asistentes, igualando a otros estadios de SudamÃ©rica como El Coloso de Palmaseca, Mineirao de Belo Horizonte, arena do Gremio de Porto Alegre y Centenario de Montevideo.
* Char ha manifestado su intenciÃ³n de hacer que Barranquilla sea atractiva para eventos internacionales, lo que generarÃ¡ empleo y un gran impulso econÃ³mico para la ciudad, regiÃ³n y paÃ­s."
,https://www.portafolio.co//economia/crecimiento/moody-s-prende-alertas-por-la-situacion-fiscal-de-colombia-para-2025-627755,"La noticia habla sobre la calificaÃ§Ã£o de risco de Moody's para Colombia en 2025, donde se estableciÃ³ un crecimiento econÃ³mico del 2,5% y una persistencia de la volatilidad polÃ­tica. Se menciona que los indicadores de deuda y la eficacia de la polÃ­tica fiscal de Colombia pueden obstaculizar la capacidad del gobierno para administrar las cuentas fiscales. AdemÃ¡s, se destacÃ³ que la liquidez del gobierno se ha mantenido muy limitada debido a ingresos mÃ¡s bajos de lo previsto y a mayores costos de endeudamiento.

Se tambiÃ©n mencionÃ³ que los prÃ¡cticos relacionados con las medidas de ajuste para el resto de la administraciÃ³n actual, que se realizarÃ¡n en la actualizaciÃ³n del MFMP de junio de 2025, serÃ¡n importantes para evaluar si el debilitamiento de los indicadores de deuda y la eficacia de la polÃ­tica fiscal de Colombia persistirÃ¡n mÃ¡s allÃ¡ de 2025.

En resumen, la noticia establece que Moody's ha calificado a Colombia como ""estable"" en 2025, pero que la volatilidad polÃ­tica y la liquidez del gobierno pueden obstaculizar la capacidad del gobierno para administrar las cuentas fiscales."
,https://www.portafolio.co//negocios/empresas/las-empresas-mas-valiosas-del-mundo-en-lo-que-va-de-2025-627552,Resumen no disponible.
,https://www.portafolio.co//negocios/industrias/oro-plata-y-cobre-por-que-estos-metales-serian-los-ganadores-de-los-arancales-de-trump-627545,"La orden ejecutiva emitida por la administraciï¿½n de Donald Trump ha generado una escalada arancelaria entre EE. UU. y China, con el oro, plata y cobre siendo los grandes ganadores de esta coyuntura como activos refugio. Los inversionistas han optado por recurrir a estos metales para protegerse de la incertidumbre econï¿½mica generada por la guerra comercial. El oro ha alcanzado un nuevo mï¿½ximo histÃ³rico, mientras que la plata y el cobre tambiÃ©n han experimentado un aumento en la demanda industrial y de inversiï¿½n."
,https://www.portafolio.co//negocios/empresas/cofundador-de-rappi-sebastian-mejia-anuncio-que-se-aleja-de-la-compania-627848,"SebastiÃ¡n MejÃ­a, cofounder and president of Rappi, has announced his departure from the company but will remain on the board of directors. The decision was made after much contemplation, according to a post on his LinkedIn profile. MejÃ­a states that he has grown as a founder, leader, and person over the past decade, and that Rappi has also evolved. He believes it is time for him to move on and focus on building something new that reflects who he has become and the future he feels called to create. MejÃ­a emphasizes the entrepreneurial spirit of Rappi, which requires reinvention, resilience, and courage. He thanks the entire Rappi team, messengers, merchants, customers, and investors for their contributions to the company's growth. Despite his departure, MejÃ­a will continue to support Rappi from the board of directors."
,https://www.portafolio.co//mis-finanzas/vivienda/subsidios-de-vivienda-cuales-son-los-activos-este-ano-y-como-postularse-627828,"* Cerca del 40% de los hogares colombianos ya tienen una vivienda propia.
* Del 35,4% que ha terminado de pagar la vivienda, un 4,1% aÃºn estÃ¡ en proceso de pago.
* Los sectores inmobiliario han provocado dificultades para lograr el objetivo de tener una vivienda propia.
* Los subsidios de vivienda son una soluciÃ³n para facilitar el acceso a la vivienda propia, especialmente para quienes pertenecen al sistema de compensaciï¿½n.
* Los subsidios disponibles este aï¿½o se ajustaron en funciï¿½n del salario mï¿½nimo fijado para este aï¿½o en $1'423.500.
* Los montos de los subsidios se distribuyen de la siguiente manera: hasta 30 salarios mï¿½nimos para hogares con ingresos de hasta 2 SMMLV, y hasta 20 salarios mï¿½nimos para hogares con ingresos entre 2 y 4 SMMLV.
* Los requisitos para solicitar el subsidio incluyen estar afiliado a una caja de compensaciï¿½n familiar, contar con ingresos familiares que no superen los 4 salarios mï¿½nimos, no ser propietarios de vivienda en el territorio nacional, etc.
* El proceso de solicitud se realiza antes la caja de compensaciï¿½n familiar correspondiente, incluyendo todos los documentos requeridos."
,https://www.portafolio.co//mis-finanzas/jubilacion/cuales-son-las-pensiones-que-existen-en-colombia-627805,Resumen no disponible.
,https://www.portafolio.co//mis-finanzas/ahorro/regresa-el-burger-master-en-este-2025-todo-lo-que-tiene-que-saber-627845,"* El Burger Master es un evento anual que se celebra en Colombia para festejar la hamburguesa y premiar a los mejores restaurantes de la ciudad.
* La dÃ©cima ediciÃ³n del Burger Master se llevarÃ¡ a cabo del 28 de abril al 4 de mayo de 2025 en BogotÃ¡, con un eslogan de ""Los invencibles"".
* Los participantes serÃ¡n anunciados en un future entry, y habrÃ¡ al menos 510 hamburguesas de diferentes ciudades colombianas que participarÃ¡n en el evento.
* El precio de todas las hamburguesas para este aÃ±o serÃ¡ de $19.000 COP.
* Los ganadores de la ediciÃ³n anterior fueron: Camacho's, Longos, Jimmy Burger & Pizza, Burger Town, Burger Depot, Godo FactS, EI Chori CharrÃºa, Burger Maker, Gratin Burger y BacoÃ±o.
* Algunos de los restaurantes que estarÃ¡n participando en el evento son: BacoÃ±o, Bubu Burger, Frencheese Burger, Burger Town, Rustica DC, Ovejo, Le BBQ, Chata, Frikadell Burger y Soul Burger."
,https://www.portafolio.co//opinion/editorial/mas-soluciones-menos-ataques-627833,Resumen no disponible.
,https://www.portafolio.co//opinion/hernan-avendano-cruz/ee-uu-victima-de-la-globalizacion-627742,"El artÃ­culo analiza la visiÃ³n de Peter Navarro, arquitecto de la visiÃ³n comercial de Donald Trump, sobre el sistema globalizado que estÃ¡ trabajando en contra de EE. UU. Sin embargo, la realidad es diferente a lo que se muestra en la visiÃ³n de Navarro. En lugar de estar en desventaja, EE. UU. tiene un superÃ¡vit en servicios e ingresos de capital extranjero que prÃ¡cticamente compensa su dificultad comercial en bienes. AdemÃ¡s, el empleo en servicios ha crecido en 64 millones de personas y el nÃºmero de profesionales, cientÃ­ficos y tÃ©cnicos ha aumentado en 6,3 millones desde 1990. Finalmente, la base de los aranceles populistas es solo una mitad verdad."
,https://www.portafolio.co//opinion/otros-columnistas-1/el-dia-d-impacto-de-los-aranceles-de-ee-uu-627741,"El aumento de los aranceles por parte de EE. UU. el 2 de abril de 2025 es un hito en la historia del comercio internacional. El dificultad comercial de EE. UU. en 2024 fue de US$1,2 trillones, el mayor del mundo, y se debe a varios factores, incluyendo el valor del dÃ³lar y la balanza de pagos. Para el gobierno Trump, la causa del dificit comercial es que los productos extranjeros entran mÃ¡s fÃ¡cilmente a EE. UU. que los productos americanos al extranjero, lo que significa un robo a EE. UU. El gobierno ha implementado aranceles recÃ­procos para equilibrar las barreras al comercio y reequilibrar la balanza de pagos. Este cambio puede tener un impacto inmediato en los precios, la tasa de interÃ©s y el valor del dÃ³lar."
,https://www.portafolio.co//economia/no-es-el-cafe-se-hace-en-colombia-y-es-demandado-en-todo-el-mundo-por-su-sabor-627780,Resumen no disponible.
,https://www.portafolio.co//economia/ni-la-de-brasil-ni-la-de-mexico-esta-es-la-moneda-mas-fuerte-de-latinoamerica-627758,"La moneda mÃ¡s fuerte de AmÃ©rica Latina es el Sol Peruano, segÃºn un estudio del Banco Central de Reserva de PerÃº. La estabilidad de la moneda se debe a varios factores, como los sÃ³lidos fundamentos macroeconÃ³micos, la credibilidad del banco central y su polÃ­tica monetaria, alto nivel de reservas internacionales y una balanza comercial superavitaria. En 2024, el Sol Peruano solo perdiÃ³ un 1,5% de su valor frente al dÃ³lar estadounidense, mientras que otras monedas de la regiÃ³n sufrieron devaluaciones mÃ¡s pronunciadas. En cuanto a la moneda mÃ¡s valiosa del mundo, en 2024 el dinar kuwaitÃ­ (KWD) es la mÃ¡s valiosa con una tasa de cambio de aproximadamente $3,24 por cada KWD, debido a su economÃ­a petrolera y polÃ­tica monetaria que le permite mantener un tipo de cambio estable. Sin embargo, ahorrar en euros tambiÃ©n puede ser una estrategia inteligente si se busca estabilidad y protecciÃ³n frente a la inflaciÃ³n, ya que es una divisa fuerte y ampliamente aceptada."
,https://www.portafolio.co//tendencias/sociales/prostata-senales-a-las-que-debe-pararles-bolas-para-evitar-sustos-627713,"La prstata es una glndula importante en el sistema reproductor masculino que produce, transporta y expulsa el lquido seminal, AdemÃ¡s, es un controlador de la excrecin. Aunque es importante para la salud sexual y reproductiva, muchas personas suelen prestarle poca atenciÃ³n hasta que comienza a presentar problemas. Algunos sntomas que pueden indicar problemas de prstata incluyen cambios en los patrones urinarios, necesidad frecuente al orinar, dolor o ardor en la zona pvlica, sangre en la orina o el semen y dolor inexplicable en los huesos. Es importante prestar atenciedad a estos sntomas para detectar a tiempo cualquier problema de prstata y evitar complications mÃ¡s graves."
,https://www.portafolio.co//economia/finanzas/los-paises-con-mas-y-menos-libertad-economica-en-que-lado-de-la-balanza-esta-colombia-627555,Resumen no disponible.
,https://www.portafolio.co//mis-finanzas/vivienda/subsidios-de-vivienda-cuales-son-los-activos-este-ano-y-como-postularse-627828,"* Close to 40% of Colombian households already have their own home, according to recent figures. Of this number, 35.4% have already paid for it, while 4.1% are still in the process of paying.
* Despite many people's aspiration to own their own home, the increase in the real estate market has made it difficult for them to achieve this goal.
* Subsidies for housing are presented as a solution, allowing thousands of people throughout the country to take the step of owning their home with a more manageable investment.
* This year, subsidies will be available for:
	+ Households with income up to 2 minimum monthly salaries (SMMLV): can receive up to 30 minimum monthly salaries, equivalent to $42'705'000. This support is aimed at low-income families who want to acquire their first home or improve the one they already have.
	+ Households with income between 2 and 4 SMMLV: can receive up to 20 minimum monthly salaries, equivalent to $28'470'000. This support is ideal for those with medium-level incomes but still need economic support to achieve their housing goal.
* Requirements:
	+ Be affiliated with a compensation savings account.
	+ Have family income that does not exceed 4 minimum monthly salaries.
	+ Not be homeowners in the national territory.
	+ Not have received subsidies for housing before.
	+ Be in the process of buying, building or improving a social interest dwelling (VIS).
* Step-by-step guide to applying for the subsidy:
	1. Submit the application to the corresponding compensation savings account office, including all required documents.
	2. Review the requirements and availability of resources by the savings account office.
	3. Once approved, the subsidy is assigned, which can be used for home purchase, construction or improvement of a VIS dwelling."
,https://www.portafolio.co//negocios/industrias/oro-plata-y-cobre-por-que-estos-metales-serian-los-ganadores-de-los-arancales-de-trump-627545,"La administraciÃ³n de Donald Trump ha impuesto aranceles recÃ³nditas a diferentes paÃ­ses del mundo, incluyendo un arancel universal base del 10%. Esto ha generado incertidumbre y inflaciï¿½n en la economÃ­a global, lo que ha llevado a algunos inversionistas a recurrir a activos refugio como el oro, la plata y el cobre. Estos metales han sido beneficiados por la situaciÃ³n comercial y han reportado un mejor comportamiento, alcanzando nuevos mï¿½ximos histÃ³ricos. La debilidad del dÃ³lar frente a otras divisas tambiÃ©n ha impulsado la demanda de estos metales."
,https://www.portafolio.co//mis-finanzas/jubilacion/cuales-son-las-pensiones-que-existen-en-colombia-627805,Resumen no disponible.
,https://www.portafolio.co//contenido-patrocinado/inser-medellin-primer-centro-ambulatorio-acreditado-por-jci-627274,"Inser MedellÃ­n has obtained the Gold Seal of Approval from Joint Commission International for its ambulatory care service, demonstrating continuous compliance with internationally recognized standards. The Golden Seal represents the organization's commitment to providing safe and effective care to patients.

The evaluation was held from February 18 to 21 this year, during which an expert team from Joint Commission International verified the standards of ambulatory care in various areas, including patient safety, evaluation and treatment, anesthesia and surgical care, medication management, patient education, and more.

Joint Commission International's accreditation provides organizations with processes to improve quality in various areas, from staff education to implementing best practices in ambulatory care. According to Andrew Rosen, Joint Commission International's vice president, ""We congratulate Inser for its commitment to improving quality and obtaining the Golden Seal of Approval, a universally recognized symbol of quality and patient safety.""

Director of Medical Organization Fidel Cano expressed the company's pride in receiving the accreditation, highlighting the importance of continuous improvement and collaboration among all staff to provide better care for patients.

The following doctors were involved in the preparation process: Walter Osorio, Susana Salazar, Juan Luis Giraldo, Fidel Cano, Natalia Posada, Sergio Tamayo, and Inser's management team. The company's infrastructure, human resources, and technological capabilities were also fundamental in achieving this Golden Seal.

This achievement reinforces Inser MedellÃ­n's reputation for knowledge and experience, as well as its commitment to continuous improvement. The organization will continue to work towards improving quality and implementing best practices in safety and patient care."
