titulo,url
,https://www.portafolio.co//economia/finanzas/las-zonas-de-colombia-donde-vive-la-clase-alta-segun-la-inteligencia-artificial-627630
,https://www.portafolio.co//economia/infraestructura/estadio-metropolitano-de-barranquilla-sera-ampliado-para-recibir-a-mas-de-60-000-asistentes-627862
,https://www.portafolio.co//economia/crecimiento/moody-s-prende-alertas-por-la-situacion-fiscal-de-colombia-para-2025-627755
,https://www.portafolio.co//negocios/empresas/las-empresas-mas-valiosas-del-mundo-en-lo-que-va-de-2025-627552
,https://www.portafolio.co//negocios/industrias/oro-plata-y-cobre-por-que-estos-metales-serian-los-ganadores-de-los-arancales-de-trump-627545
,https://www.portafolio.co//negocios/empresas/cofundador-de-rappi-sebastian-mejia-anuncio-que-se-aleja-de-la-compania-627848
,https://www.portafolio.co//mis-finanzas/vivienda/subsidios-de-vivienda-cuales-son-los-activos-este-ano-y-como-postularse-627828
,https://www.portafolio.co//mis-finanzas/jubilacion/cuales-son-las-pensiones-que-existen-en-colombia-627805
,https://www.portafolio.co//mis-finanzas/ahorro/regresa-el-burger-master-en-este-2025-todo-lo-que-tiene-que-saber-627845
,https://www.portafolio.co//opinion/editorial/mas-soluciones-menos-ataques-627833
,https://www.portafolio.co//opinion/hernan-avendano-cruz/ee-uu-victima-de-la-globalizacion-627742
,https://www.portafolio.co//opinion/otros-columnistas-1/el-dia-d-impacto-de-los-aranceles-de-ee-uu-627741
,https://www.portafolio.co//economia/no-es-el-cafe-se-hace-en-colombia-y-es-demandado-en-todo-el-mundo-por-su-sabor-627780
,https://www.portafolio.co//economia/ni-la-de-brasil-ni-la-de-mexico-esta-es-la-moneda-mas-fuerte-de-latinoamerica-627758
,https://www.portafolio.co//tendencias/sociales/prostata-senales-a-las-que-debe-pararles-bolas-para-evitar-sustos-627713
,https://www.portafolio.co//economia/finanzas/los-paises-con-mas-y-menos-libertad-economica-en-que-lado-de-la-balanza-esta-colombia-627555
,https://www.portafolio.co//mis-finanzas/vivienda/subsidios-de-vivienda-cuales-son-los-activos-este-ano-y-como-postularse-627828
,https://www.portafolio.co//negocios/industrias/oro-plata-y-cobre-por-que-estos-metales-serian-los-ganadores-de-los-arancales-de-trump-627545
,https://www.portafolio.co//mis-finanzas/jubilacion/cuales-son-las-pensiones-que-existen-en-colombia-627805
,https://www.portafolio.co//contenido-patrocinado/inser-medellin-primer-centro-ambulatorio-acreditado-por-jci-627274
,https://www.portafolio.co//contenido-patrocinado/descubra-los-beneficios-de-la-tercerizacion-de-nomina-en-colombia-627495
Editorial,https://www.portafolio.co//opinion/editorial
Editorial,https://www.portafolio.co//opinion/editorial
Internacional,https://www.portafolio.co//internacional/como-la-guerra-comercial-ha-redefinido-la-competencia-tecnologica-627771
Impuestos,https://www.portafolio.co//economia/impuestos/el-4x1-000-las-curiosidades-de-este-impuesto-que-quizas-no-sabia-627704
Internacional,https://www.portafolio.co//internacional/guerra-de-aranceles-genero-la-semana-mas-movida-del-dolar-627831
Empresas,https://www.portafolio.co//negocios/empresas/las-empresas-mas-valiosas-del-mundo-en-lo-que-va-de-2025-627552
Internacional,https://www.portafolio.co//internacional/china-pide-a-ee-uu-suprimir-completamente-los-aranceles-reciprocos-627860
Finanzas,https://www.portafolio.co//economia/finanzas/la-razon-por-la-que-no-se-imprime-mas-dinero-en-tiempos-de-crisis-economica-627627
Sostenibilidad,https://www.portafolio.co//sostenibilidad/no-es-un-proceso-natural-conozca-ocho-mitos-sobre-el-cambio-climatico-627658
,https://www.portafolio.co//tendencias/sociales/el-top-5-de-las-plagas-mas-numerosas-que-existen-627830
,https://www.portafolio.co//internacional/hay-una-colombiana-top-10-de-las-ciudades-latinas-con-mejor-calidad-de-vida-627725
,https://www.portafolio.co//economia/finanzas/las-zonas-de-colombia-donde-vive-la-clase-alta-segun-la-inteligencia-artificial-627630
,https://www.portafolio.co//tendencias/sociales/prostata-senales-a-las-que-debe-pararles-bolas-para-evitar-sustos-627713
,https://www.portafolio.co//economia/gobierno/diego-guevara-exministro-de-hacienda-enredado-en-supuesta-compra-de-congresistas-en-caso-de-corrupcion-de-la-ungrd-627839
,https://www.portafolio.co//economia/infraestructura/estadio-metropolitano-de-barranquilla-sera-ampliado-para-recibir-a-mas-de-60-000-asistentes-627862
,https://www.portafolio.co//economia/gobierno/colombia-piensa-de-nuevo-en-el-glifosato-para-erradicacion-terrestre-de-cultivos-de-coca-627857
,https://www.portafolio.co//economia/gobierno/reforma-laboral-del-gobierno-petro-incluye-recomendaciones-de-la-ocde-mintrabajo-627822
,https://www.portafolio.co//economia/crecimiento/moody-s-prende-alertas-por-la-situacion-fiscal-de-colombia-para-2025-627755
,https://drive.google.com/file/d/1wKLHAx84_R1w0ZS24PIzaBCK9QRf7sxG/view?usp=sharing
,https://drive.google.com/file/d/1bkh3NLj23VUHS9JM0efZnZ4hP3217W3Y/view?usp=sharing
,https://drive.google.com/file/d/1Mfz-HRzuB7sSY1xYk-dV3gOD5aPNoVxm/view?usp=sharing
,https://www.portafolio.co//negocios/empresas/cofundador-de-rappi-sebastian-mejia-anuncio-que-se-aleja-de-la-compania-627848
,https://www.portafolio.co//internacional/el-precio-de-los-huevos-sube-a-maximos-historicos-en-estados-unidos-627859
,https://www.portafolio.co//economia/gobierno/colombia-busca-abrir-el-dialogo-con-ee-uu-para-que-se-revise-el-arancel-del-10-627764
,https://www.portafolio.co//negocios/empresas/carvajal-anuncia-suspension-indefinida-de-operaciones-de-la-planta-de-produccion-que-esta-en-el-municipio-de-yumbo-627829
,https://www.portafolio.co//mis-finanzas/ahorro/regresa-el-burger-master-en-este-2025-todo-lo-que-tiene-que-saber-627845
,https://www.portafolio.co//mas-contenido/innovador-programa-busca-prevenir-la-mortalidad-materno-perinatal-627392
,https://www.portafolio.co//contenido-patrocinado/el-nuevo-capitulo-del-hotel-tequendama-con-four-points-by-sheraton-626791
,https://www.portafolio.co//tendencias/sociales/esto-es-lo-que-dura-un-dia-en-cada-planeta-del-sistema-solar-627448
,https://www.portafolio.co//economia/empleo/si-quiere-tener-un-buen-sueldo-estos-son-los-sectores-a-los-que-deberia-apuntar-para-trabajar-627430
,https://www.portafolio.co//tendencias/sociales/un-estudio-lo-dice-las-horas-de-vida-que-pierde-por-cada-paquete-de-cigarrillo-que-fuma-627703
,https://www.portafolio.co//negocios/inversion/invertir-en-la-bolsa-de-valores-de-colombia-como-empezar-sin-fallar-en-el-intento-627457
,https://www.portafolio.co//mis-finanzas/creditos/cuanto-presta-bancolombia-por-primera-vez-627439
,https://www.portafolio.co//tendencias/este-es-de-los-pueblos-mas-bonitos-de-colombia-fue-declarado-por-la-onu-627792
,https://www.portafolio.co//economia/ni-la-de-brasil-ni-la-de-mexico-esta-es-la-moneda-mas-fuerte-de-latinoamerica-627758
,https://www.portafolio.co//economia/finanzas/esto-es-lo-que-las-faldas-y-el-labial-pueden-decirnos-sobre-la-economia-617288
,https://www.portafolio.co//tecnologia/apple-intelligence-ya-disponible-en-colombia-todo-lo-que-debe-saber-627863
,https://www.portafolio.co//tecnologia/como-evitar-que-en-instagram-sepan-su-ubicacion-en-tiempo-real-627797
,https://www.portafolio.co//tecnologia/conozca-los-temas-profundos-que-puede-hablar-con-una-ia-627854
,https://www.portafolio.co//tecnologia/como-detectar-si-el-chatbot-de-una-ia-me-dio-respuestas-con-errores-627445
,https://www.portafolio.co//tecnologia/los-riesgos-de-compartir-datos-personales-para-generar-versiones-anime-con-ia-627852
,https://www.portafolio.co//negocios/empresas/estas-son-las-caracteristicas-del-liderazgo-virtuoso-627620
,https://www.portafolio.co//economia/empleo/este-es-el-secreto-de-una-buena-hoja-de-vida-627721
,https://www.portafolio.co//energia/gas-natural-naturgas-insta-a-que-la-energia-no-sea-un-tema-del-gobierno-de-turno-sino-politica-de-estado-627529
,https://www.portafolio.co//internacional/smartphones-y-monitores-de-computador-quedan-libres-de-aranceles-reciprocos-de-trump-627837
,https://www.portafolio.co//internacional/el-papa-francisco-se-da-un-bano-de-multitudes-en-la-plaza-de-san-pedro-627861
,https://www.portafolio.co//internacional/otra-deuda-con-el-fmi-para-los-argentinos-es-el-dia-de-la-marmota-627853
,https://www.portafolio.co//internacional/mercosur-ampliara-excepciones-arancelarias-ante-guerra-comercial-de-trump-627856
,https://www.portafolio.co//internacional/la-ue-protegera-su-economia-si-ee-uu-no-cambia-su-postura-627843
,https://empresas.portafolio.co/
,https://www.portafolio.co//opinion/otros-columnistas-1/educacion-financiera-para-reducir-desigualdad-en-el-pais-627739
,https://www.portafolio.co//opinion/maria-sol-navia-v/la-tergiversacion-de-los-valores-627740
,https://www.portafolio.co//opinion/otros-columnistas-1/el-dia-d-impacto-de-los-aranceles-de-ee-uu-627741
,https://www.portafolio.co//opinion/hernan-avendano-cruz/ee-uu-victima-de-la-globalizacion-627742
,https://www.portafolio.co//undefined
,https://www.portafolio.co//undefined
,
Sociales,https://www.portafolio.co//tendencias/sociales/los-10-destinos-turisticos-mas-decepcionantes-segun-los-viajeros-627824
Industrias,https://www.portafolio.co//negocios/industrias/los-materiales-mas-caros-que-hay-en-el-mundo-627812
Internacional,https://www.portafolio.co//internacional/los-paises-mas-amigables-del-mundo-cuales-son-y-como-le-fue-a-colombia-627226
Internacional,https://www.portafolio.co//internacional/los-paises-y-regiones-que-son-mucho-mas-pequenas-que-colombia-627616
Empleo,https://www.portafolio.co//economia/empleo/efectos-del-mercado-de-la-ia-en-el-empleo-627546
Finanzas,https://www.portafolio.co//economia/finanzas/inflacion-en-colombia-resultados-del-ipc-marzo-del-2025-627450
Comercio,https://www.portafolio.co//negocios/comercio/aranceles-de-donald-trump-analisis-de-los-impactos-en-el-comercio-de-colombia-y-el-mundo-627167
Empresas,https://www.portafolio.co//negocios/empresas/como-revolucionar-la-gestion-de-recursos-humanos-625920
,https://www.portafolio.co//energia/reservas-probadas-de-gas-en-2024-podrian-no-haber-superado-los-6-anos-627720
,https://www.portafolio.co//energia/acolgen-le-explica-a-edwin-palma-minenergia-como-se-establece-el-precio-en-bolsa-627844
,https://www.portafolio.co//energia/entre-enero-y-marzo-de-2025-se-desacelero-la-caida-en-la-venta-de-combustibles-liquidos-627838
,https://www.portafolio.co//energia/ecopetrol-abre-la-puerta-para-descartar-campos-petroleros-que-no-sean-rentables-627761
,https://www.portafolio.co//negocios/empresas/hocol-se-pronuncia-sobre-proceso-de-contratacion-de-gas-627746
,https://www.portafolio.co//internacional/principio-de-acuerdo-en-la-oms-para-mayor-proteccion-ante-futuras-pandemias-627846
,https://www.portafolio.co//tendencias/cuantos-litros-de-agua-consume-chatgpt-para-poder-ser-utilizado-627540
,https://www.portafolio.co//sostenibilidad/las-juntas-directivas-estan-mas-comprometidas-con-temas-de-627820
,https://www.portafolio.co//sostenibilidad/record-minimo-de-hielo-invernal-en-el-artico-en-2025-segun-datos-satelitales-627715
,https://www.portafolio.co//negocios/empresas/mayoria-de-los-productos-de-enka-hechos-a-partir-de-botellas-de-pet-recicladas-627667
,https://www.portafolio.co//contenido-patrocinado/sumese-a-la-iniciativa-mejor-colombiano-620025
,https://www.diarioadn.co/contenido-patrocinado/la-empresa-lider-en-tecnologia-itse-resalta-uno-de-sus-casos-de-exito+articulo+63472
,https://www.portafolio.co//tendencias/entretenimiento/jurassic-world-the-experience-precios-fechas-y-otros-detalles-627858
,https://www.portafolio.co//internacional/las-mejores-pizzerias-de-america-latina-segun-ranking-internacional-627766
,https://www.portafolio.co//negocios/este-es-el-centro-comercial-que-fue-mas-visitado-de-bogota-en-2024-627823
,https://www.portafolio.co//emprendimiento/pueden-los-aranceles-frenar-el-crecimiento-del-ecosistema-emprendedor-627689
,https://www.portafolio.co//emprendimiento/estas-son-la-startups-ganadores-del-south-summit-porto-alegre-2025-627803
,https://www.portafolio.co//contenido-patrocinado/descubra-los-beneficios-de-la-tercerizacion-de-nomina-en-colombia-627495
,https://www.portafolio.co//contenido-patrocinado/inser-medellin-primer-centro-ambulatorio-acreditado-por-jci-627274
,https://www.portafolio.co//contenido-patrocinado/aseytrans-un-socio-confiable-y-comprometido-con-el-exito-de-cada-obra-627007
,https://www.portafolio.co//contenido-patrocinado/colsubsidio-una-empresa-con-proposito-y-oportunidades-para-crecer-626983
"Criptomonedas: auge, esc치ndalos y c칩mo entender su ecosistema",https://www.portafolio.co//negocios/inversion/economicast-criptomonedas-auge-escandalos-y-como-entender-su-ecosistema-624656
Planeaci칩n financiera para 2025: lo que debe saber sobre un plan de ahorro e inversi칩n,https://www.portafolio.co//mis-finanzas/ahorro/economicast-planeacion-financiera-para-2025-lo-que-debe-saber-sobre-un-plan-de-ahorro-e-inversion-622105
Colombia se prepara para un nuevo modelo de pagos inmediatos,https://www.portafolio.co//economia/finanzas/economicast-colombia-se-prepara-para-un-nuevo-modelo-de-pagos-inmediatos-609030
,https://www.portafolio.co//negocios/empresas/estas-son-las-cinco-empresas-mas-valiosas-del-mundo-en-2025-627701
,https://www.portafolio.co//internacional/los-productos-que-quedaron-exentos-de-los-aranceles-de-trump-627318
,https://www.portafolio.co//tecnologia/paso-a-paso-para-convertir-una-foto-al-estilo-ghibli-626938
,https://www.portafolio.co//tendencias/sociales/los-alimentos-que-deberia-evitar-para-cuidar-sus-rinones-626706
,https://www.portafolio.co//negocios/empresas/los-mejores-restaurantes-hoteles-bares-y-clubes-nocturnos-que-hay-en-colombia-623502
,
INDUSTRIA,
DEPORTES,
,
